{
  "unit": "ns",
  "benchmarks": {
    "grams_index_sparse": 2634403.921052632,
    "grams_index_trigram": 87731.96499810928,
    "grams_query_sparse": 1079.7130391849205,
    "grams_query_trigram": 376.3469891659057,
    "local_blob_store_index_reader_candidates": 2663.27132448762,
    "mmap_index_reader_candidates": 2073.455596791123,
    "plan_(timeout_panicked_denied)": 6350.112405967104,
    "plan_._": 524.7041605401046,
    "plan_ERROR42": 1859.3901703530564,
    "plan__CRITICAL_": 2995.775362435517,
    "plan_customer_id=abc123 request_id=deadbeef": 11098.415898862739
  }
}
