{
  "unit": "ns",
  "benchmarks": {
    "grams_index_sparse": 2628685.4736842103,
    "grams_index_trigram": 87710.80416666667,
    "grams_query_sparse": 1098.3483845437618,
    "grams_query_trigram": 380.415036455649,
    "local_blob_store_index_reader_candidates": 2719.59188957476,
    "mmap_index_reader_candidates": 2390.578294190811,
    "plan_(timeout_panicked_denied)": 12088.0612249189,
    "plan_._": 502.87757388990053,
    "plan_ERROR42": 1858.6617092804863,
    "plan__CRITICAL_": 4259.893001907487,
    "plan_customer_id=abc123 request_id=deadbeef": 11030.943489583333
  }
}
